<?xml version="1.0"?>
<root xmlns="urn:schemas-upnp-org:device-1-0">
<specVersion>
<major>1</major>
<minor>0</minor>
</specVersion>
<URLBase></URLBase>
<device>
<deviceType>urn:schemas-wifialliance-org:device:WFADevice:1</deviceType>
<presentationURL>PRESENTATIONURL_AAAAAAAAAAAAAAAAAAAAAAAAAAAAAAA_PRESENTATIONURL</presentationURL>
<friendlyName>FRIENDLYNAME_AAAAAAAAAAAAAAAAAAAAAAAAAAAAAAAAAAAAA_FRIENDLYNAME</friendlyName>
<manufacturer>MERCURY</manufacturer>
<manufacturerURL>http://www.mercurycom.com.cn</manufacturerURL>
<modelDescription>X18G 1.0</modelDescription>
<modelName>X18G</modelName>
<modelNumber>1.0</modelNumber>
<modelURL></modelURL>
<serialNumber>12345678900001</serialNumber>
<UDN>uuid:UDN_AAAAAAAAAAAAAAAAAAAAAAAAAAAA_UDN</UDN>
<UPC>192168001001</UPC>
<serviceList>
<service>
<serviceType>urn:schemas-wifialliance-org:service:WFAWLANConfig:1</serviceType>
<serviceId>urn:schemas-wifialliance-org:serviceId:WFAWLANConfig1</serviceId>
<controlURL>/wfa</controlURL>
<eventSubURL>/wfa</eventSubURL>
<SCPDURL>/wfa.xml</SCPDURL>
</service>
</serviceList>
</device>
</root>
